<?xml version="1.0" encoding="UTF-8" standalone="no"?>
<CATALOG xsi:noNamespaceSchemaLocation="odx-cc.xsd" xmlns:xsi="http://www.w3.org/2001/XMLSchema-instance">
  <SHORT-NAME>FL_E2II_Kombiinstrument_7P592090000_7610_184</SHORT-NAME>
  <ABLOCKS>
    <ABLOCK UPD="NEW">
    <SHORT-NAME>Flashcontainer</SHORT-NAME>
    <CATEGORY>ODX-DATA</CATEGORY>
      <FILES>
        <FILE>FL_E2II_Kombiinstrument_7P592090000_7610_184.odx-f</FILE>
      </FILES>
    </ABLOCK>
    <ABLOCK UPD="NEW">
    <SHORT-NAME>Programming_Data</SHORT-NAME>
    <CATEGORY>PROGRAMMING-DATA</CATEGORY>
      <FILES>
        <FILE>E2II_Kombiinstrument_761000_Application_ID50_761000.bin</FILE>
        <FILE>E2II_Kombiinstrument_761000_Application_ID51_740001.bin</FILE>
        <FILE>E2II_Kombiinstrument_761000_Application_ID52_761000.bin</FILE>
        <FILE>E2II_Kombiinstrument_761000_Application_ID53_760000.bin</FILE>
        <FILE>E2II_Kombiinstrument_761000_Application_ID54_761000.bin</FILE>
      </FILES>
    </ABLOCK>
  </ABLOCKS>
</CATALOG>








